id,title,url
5a758fa40c5abf98c0e9556c,"Why Public Media Has a Sexual-Harassment Problem ",https://www.theatlantic.com/business/archive/2018/02/sexual-harassment-public-media/551780/?utm_source=feed
5a758fa40c5abf98c0e9557a,America Finally Sees Meaningful Wage Growth,https://www.theatlantic.com/business/archive/2018/02/jobs-report/552176/?utm_source=feed
5a78322c0c5abf98c0ebc8a7,Conversations with the Earth: Geologist Hans Cloos on the Complementarity of Art and Science in Illuminating the Splendor of Nature and Reality,http://feedproxy.google.com/~r/brainpickings/rss/~3/Xp9zC6e36sI/
5a7833950c5abf98c0ebd33d,What We’re Listening To This Week,https://www.newyorker.com/culture/likes/what-were-listening-to-this-week-freddie-gibbs-wes-montgomery
5a7833950c5abf98c0ebd343,The Great Crime Decline,https://www.newyorker.com/magazine/2018/02/12/the-great-crime-decline
5a7833950c5abf98c0ebd358,Adrienne Kennedy’s Startling Body of Work,https://www.newyorker.com/magazine/2018/02/12/adrienne-kennedys-startling-body-of-work
5a7833950c5abf98c0ebd35b,"Things to Do in New York City This Weekend, Feb. 16–18, 2018",https://www.newyorker.com/culture/likes/what-to-do-in-new-york-city-this-weekend
5a7834130c5abf98c0ebd6e7,Francisco de Zurbarán’s Biblical Vision,https://www.newyorker.com/magazine/2018/02/12/francisco-de-zurbarans-biblical-vision
5a7834130c5abf98c0ebd6e8,“Loveless” and “Permission” Reviews,https://www.newyorker.com/magazine/2018/02/12/loveless-and-permission
5a7834130c5abf98c0ebd6eb,The Ultimate Guide on How to Clean Carpets,http://www.goodhousekeeping.com/home/cleaning/a47654/how-to-clean-carpet/
5a7834130c5abf98c0ebd6ed,How to Get Rid of Moths,http://www.goodhousekeeping.com/home/cleaning/q-and-a/a20789/get-rid-moth-dec02/
5a7834130c5abf98c0ebd6ef,How to Clean a Showerhead That's Seen Better Days,http://www.goodhousekeeping.com/home/cleaning/a47692/how-to-clean-showerhead/
5a7834130c5abf98c0ebd6f1,How to Get Rid of Chiggers,http://www.goodhousekeeping.com/home/gardening/a47733/how-to-get-rid-of-chiggers/
5a7834130c5abf98c0ebd6f4,Why Paper Jams Persist,https://www.newyorker.com/magazine/2018/02/12/why-paper-jams-persist
5a7834130c5abf98c0ebd6f2,California Makes Marijuana a Wellness Industry,https://www.newyorker.com/culture/photo-booth/california-makes-marijuana-a-wellness-industry
5a7834850c5abf98c0ebda5c,A Tiny Coral Paradise in the Great Barrier Reef Reckons with Climate Change,https://www.newyorker.com/tech/elements/tiny-coral-paradise-in-the-great-barrier-reef-reckons-with-climate-change
5a7834850c5abf98c0ebda49,20 Party-Winning Super Bowl Crafts,http://www.goodhousekeeping.com/home/craft-ideas/how-to/g884/super-bowl-crafts/
5a7834850c5abf98c0ebda4b,24 Fun (and Functional) Kitchen Products You Can Buy on Amazon,http://www.goodhousekeeping.com/home/g4191/genius-kitchen-products-on-amazon/
5a7834850c5abf98c0ebda70,Pushing the Limits of Extreme Breath-Holding,https://www.newyorker.com/tech/elements/pushing-the-limits-of-extreme-breath-holding
5a7834850c5abf98c0ebda71,Customer Satisfaction at the Push of a Button,https://www.newyorker.com/magazine/2018/02/05/customer-satisfaction-at-the-push-of-a-button
5a7835060c5abf98c0ebde2c,The Gig Economy Is Especially Susceptible to Sexual Harassment,https://www.newyorker.com/culture/cultural-comment/the-gig-economy-is-especially-susceptible-to-sexual-harassment
5a7835060c5abf98c0ebde2a,What Does It Mean to Die?,https://www.newyorker.com/magazine/2018/02/05/what-does-it-mean-to-die
5a7853ef0c5abf98c0ec7426,"Same Old Rap: The Grammys' Race Toward Irrelevance ",https://www.npr.org/sections/therecord/2018/01/29/581529319/same-old-rap-the-grammys-race-toward-irrelevance?utm_medium=RSS&utm_campaign=therecord
5a7853ef0c5abf98c0ec7429,5 Storylines To Watch At This Year's Grammy Awards,https://www.npr.org/sections/therecord/2018/01/27/581019856/5-storylines-to-watch-at-this-year-s-grammys?utm_medium=RSS&utm_campaign=therecord
5a7853ef0c5abf98c0ec742c,Mark E. Smith Was An Uncompromising And Essential Voice From Music's Fringe,https://www.npr.org/sections/therecord/2018/01/25/580606173/mark-e-smith-was-an-uncompromising-and-essential-voice-from-musics-fringe?utm_medium=RSS&utm_campaign=therecord
5a79aa960c5abf98c0f49f2d,"Eleven Kinds of Blue: Werner’s Pioneering 19th-Century Nomenclature of the Colors, Beloved by Darwin",http://feedproxy.google.com/~r/brainpickings/rss/~3/x-YvvFN_K80/
5a79ab0d0c5abf98c0f4a38a,The Stock Market Just Took a Historic Nosedive—Why?,https://www.theatlantic.com/business/archive/2018/02/dow-drop-stock-market-february/552380/?utm_source=feed
5a79ab0d0c5abf98c0f4a418,How WeWork Has Perfectly Captured the Millennial Id,https://www.theatlantic.com/magazine/archive/2018/03/wework-the-perfect-manifestation-of-the-millennial-id/550922/?utm_source=feed
5a79ab860c5abf98c0f4a8b6,Making Sense Of The Super Bowl's Musical Moments,https://www.npr.org/sections/therecord/2018/02/05/583345359/making-sense-of-the-super-bowls-musical-moments?utm_medium=RSS&utm_campaign=therecord
5a79ab860c5abf98c0f4a8c9,Here's How 'Black Panther: The Album' Came Together,https://www.npr.org/sections/therecord/2018/02/06/582841574/heres-how-black-panther-the-album-came-together?utm_medium=RSS&utm_campaign=therecord
5a79ae560c5abf98c0f4c377,F1 announces plans for ‘grid kids’ to replace ‘grid girls’ for new season,https://www.theguardian.com/sport/2018/feb/05/f1-grid-kids-replace-grid-girls-new-season
5a79ae560c5abf98c0f4c381,Bernie Ecclestone hits back at F1’s decision to stop using grid girls,https://www.theguardian.com/sport/2018/feb/01/bernie-ecclestone-hits-back-f1-decison-stop-using-grid-girls
5a79ae560c5abf98c0f4c389,'Grid girls': F1 follows darts by calling time on women in hotpants,https://www.theguardian.com/world/2018/feb/02/grid-girls-f1-follows-darts-by-calling-time-on-women-in-hotpants
5a79ae560c5abf98c0f4c39b,"Ron Walker, former Grand Prix boss and Melbourne lord mayor, dies aged 78",https://www.theguardian.com/australia-news/2018/jan/31/ron-walker-former-grand-prix-boss-and-melbourne-lord-mayor-dies-aged-78
5a79ae560c5abf98c0f4c398,No more grid girls at Formula One? Next they will be enforcing speed limits | Catherine Bennett,https://www.theguardian.com/commentisfree/2018/feb/04/no-more-grid-girls-formula-one-enforcing-speed-limits
5a79ae560c5abf98c0f4c3ab,How Sir Stirling Moss dodged the goats to win unique 1957 Pescara Grand Prix | Richard Williams,https://www.theguardian.com/sport/2018/jan/22/sir-stirling-moss-formula-one
5a79aecd0c5abf98c0f4c7f5,F1 to stop using 'grid girls' in next world championship season,https://www.theguardian.com/uk-news/2018/jan/31/f1-to-stop-using-grid-girls-in-next-world-championship-season
5a80ee960c5abf98c03d168b,Can Crisis Line Messaging Help Improve Workplace Culture?,https://www.wired.com/story/can-crisis-line-messaging-help-improve-workplace-culture
5a80ee960c5abf98c03d1696,A Trade War With China Could Catch Tech in the Crossfire,https://www.wired.com/story/a-trade-war-with-china-could-catch-tech-in-the-crossfire
5a80ee960c5abf98c03d16c0,What Microsoft’s Antitrust Case Teaches Us About Silicon Valley,https://www.wired.com/story/what-microsofts-antitrust-case-teaches-us-about-silicon-valley
5a80ee960c5abf98c03d16c5,"Google Autocomplete Suggestions Are Still Racist, Sexist, and Science-Denying",https://www.wired.com/story/google-autocomplete-vile-suggestions
5a80ef0c0c5abf98c03d1d8d,Behind Artificial Intelligence Lurk Oddball Low-Paid Tasks,https://www.wired.com/story/behind-artificial-intelligence-lurk-oddball-low-paid-tasks
5a80ef0c0c5abf98c03d1dcc,The Center for Humane Technology Wants to Spark a Grassroots Ethical Tech Revolution,https://www.wired.com/story/center-for-humane-technology-tech-addiction
5a80ef0c0c5abf98c03d1dd1,"Microsoft, IBM Facial Analyses Struggle With Race and Gender",https://www.wired.com/story/photo-algorithms-id-white-men-fineblack-women-not-so-much
5a80ef0c0c5abf98c03d1dd4,Should Data Scientists Adhere to a Hippocratic Oath?,https://www.wired.com/story/should-data-scientists-adhere-to-a-hippocratic-oath
5a80effc0c5abf98c03d2d7c,Zadie Smith on Optimism and Despair,http://feedproxy.google.com/~r/brainpickings/rss/~3/xMfI-jg6rBM/
5a80f0ec0c5abf98c03d3cde,Where Did All the Advertising Jobs Go?,https://www.theatlantic.com/business/archive/2018/02/advertising-jobs-programmatic-tech/552629/?utm_source=feed
5a80f0ec0c5abf98c03d3cf0,The Amazon-ification of Whole Foods,https://www.theatlantic.com/business/archive/2018/02/whole-foods-two-hour-delivery-amazon/552821/?utm_source=feed
5a80f0ec0c5abf98c03d3ce5,What to Stream This Weekend: Five Films Starring Nonprofessional Actors,https://www.newyorker.com/culture/likes/what-to-stream-this-weekend-2018-02-09
5a80f1640c5abf98c03d447f,Music Industry Men Join Cry To Change The Recording Academy,https://www.npr.org/sections/therecord/2018/02/09/584506881/music-industry-men-join-cry-to-change-the-recording-academy?utm_medium=RSS&utm_campaign=therecord
5a80f1640c5abf98c03d4480,Thoreau on Knowing vs. Seeing and What It Takes to Apprehend Reality Unblinded by Our Preconceptions,http://feedproxy.google.com/~r/brainpickings/rss/~3/d-w5t7uInMc/
5a80f1640c5abf98c03d4474,What Investors Really Fear,https://www.theatlantic.com/business/archive/2018/02/dow-jones-stock-market-inflation/552920/?utm_source=feed
5a80f25c0c5abf98c03d547c,Volatility Is Scary—but It's Normal,https://www.theatlantic.com/business/archive/2018/02/stock-market-dow-volatility/552452/?utm_source=feed
5a80f2d80c5abf98c03d5be4,Literary Witches: An Illustrated Celebration of Trailblazing Women Writers Who Have Enchanted and Transformed the World,http://feedproxy.google.com/~r/brainpickings/rss/~3/p7Y2_44br9g/
5a80f2d80c5abf98c03d5bed,Trump Finally Comments on the Stock Slump—by Arguing With It,https://www.theatlantic.com/business/archive/2018/02/trump-markets-dow/552683/?utm_source=feed
5a80f3440c5abf98c03d6335,"Lovebug Starski, Rapper And DJ Who Stood At The Vanguard Of Hip-Hop, Dead At 57",https://www.npr.org/sections/therecord/2018/02/09/584488179/lovebug-starski-rapper-and-dj-who-stood-at-the-vanguard-of-hip-hop-dead-at-57?utm_medium=RSS&utm_campaign=therecord
5a80f3bd0c5abf98c03d69cf,Women In The Music Industry Call For 'Evolution' At The Grammys,https://www.npr.org/sections/therecord/2018/02/06/583464118/women-in-the-music-industry-call-for-evolution-at-the-grammys?utm_medium=RSS&utm_campaign=therecord
5a80f3bd0c5abf98c03d6a13,Oscar-Nominated Composer Jóhann Jóhannsson Dies At 48,https://www.npr.org/sections/therecord/2018/02/10/584804188/oscar-nominated-composer-johann-johannsson-dies-at-age-48?utm_medium=RSS&utm_campaign=therecord
5a80f3bd0c5abf98c03d69cd,In The Evil Forest: A Nigerian Activist And Musician Sings Of His Kidnapping,https://www.npr.org/sections/therecord/2018/02/09/584266004/in-the-evil-forest-a-nigerian-activist-and-musician-sings-of-his-kidnapping?utm_medium=RSS&utm_campaign=therecord
5a80f3bd0c5abf98c03d6a2a,"Inside The Small, Significant Change Just Made To Canada's National Anthem",https://www.npr.org/sections/therecord/2018/02/09/584613825/inside-the-small-significant-change-just-made-to-canadas-national-anthem?utm_medium=RSS&utm_campaign=therecord
5a80f4410c5abf98c03d71e6,A Fond Farewell to L. L. Bean’s No-Questions-Asked Return Policy,https://www.newyorker.com/culture/culture-desk/fond-farewell-l-l-bean-no-questions-asked-return-policy
5a81904c0c5abf98c045783f,Inside Facebook's Hellish Two Years—and Mark Zuckerberg's Struggle to Fix it All,https://www.wired.com/story/inside-facebook-mark-zuckerberg-2-years-of-hell
5a81913d0c5abf98c0458731,"Stock Watch: Who's Rising, Falling After the 2018 Australian Open?",https://www.si.com/tennis/2018/01/30/australian-open-stock-watch-caroline-wozniacki-simona-halep-nick-kyrgios-hyeon-chung
5a81913d0c5abf98c0458736,"Australian Open 2018 Review: Federer's 20th Major, Wozniacki's First Slam, Nadal's Injury and More",https://www.si.com/tennis/2018/01/29/podcast-australian-open-review-federer-wozniacki-halep-kyrgios-keys-sandgren
5a81913d0c5abf98c0458734,Roger Federer to Face Marin Cilic in 2018 Australian Open Final After Hyeon Chung Retires,https://www.si.com/tennis/2018/01/26/roger-federer-beats-hyeon-chung-marin-cilic-2018-australian-open-final
5a81913d0c5abf98c0458747,Mailbag: What Message Is Hall of Fame Sending with Recent Inductees?,https://www.si.com/tennis/2018/02/07/mailbag-tennis-hall-fame-sukova-stich-federer-djokovic-serena
5a81913d0c5abf98c0458748,"Tennis World Congratulates Roger Federer on 2018 Australian Open, 20th Grand Slam Title",https://www.si.com/tennis/2018/01/28/tennis-world-congratulates-roger-federer-australian-open-20th-grand-slam
5a8191b40c5abf98c0458ed2,"As it Happened: Roger Federer Defeats Marin Cilic to Win 2018 Australian Open, 20th Grand Slam Title",https://www.si.com/tennis/2018/01/28/roger-federer-marin-cilic-australian-open-final-title
5a8192a30c5abf98c0459dad,Simona Halep Outlasts Angelique Kerber in Three Sets to Secure Spot in Australian Open Finals,https://www.si.com/tennis/2018/01/25/simona-halep-angelique-kerber-australian-open-finals
5a8193950c5abf98c045accc,George Orwell’s “Little Beasts” and the Challenge of Foreign Correspondence,https://www.newyorker.com/culture/cultural-comment/george-orwells-little-beasts-and-the-challenge-of-foreign-correspondence
5a81940f0c5abf98c045b470,"How to Watch Simona Halep vs. Caroline Wozniacki: Australian Open Final Live Stream, TV, Time",https://www.si.com/tennis/2018/01/26/simona-halep-caroline-wozniacki-australian-open-final-live-stream-time-watch-online-tv-channel
5a81940f0c5abf98c045b47d,"Michael Stich Talks Tennis Hall of Fame Induction, ATP Veterans, Next-Gen Players and More",https://www.si.com/tennis/2018/02/08/podcast-michael-stich-tennis-hall-of-fame-inductee
5a81940f0c5abf98c045b49c,'Dream Come True' For Caroline Wozniacki As She Wins First Major Title at 2018 Australian Open,https://www.si.com/tennis/2018/01/27/caroline-wozniacki-beats-simona-halep-australian-open-2018-first-major-title
5a81940f0c5abf98c045b4ac,50 Parting Thoughts from the 2018 Australian Open,https://www.si.com/tennis/2018/01/28/australian-open-2018-jon-wertheim-50-parting-thoughts-federer-wozniacki
5a8194870c5abf98c045bc03,How WIRED's March 2018 Cover With Mark Zuckerberg Was Created,https://www.wired.com/story/facebook-about-the-cover
5a8194870c5abf98c045bc10,Mailbag: How Many More Majors Can Roger Federer Win?,https://www.si.com/tennis/2018/01/31/mailbag-tennis-hall-fame-inductees-federer-wozniacki-cilic-sharapova
5a8194fb0c5abf98c045c333,As It Happened: Caroline Wozniacki Defeats Simona Halep to Win 2018 Australian Open Title,https://www.si.com/tennis/2018/01/27/simona-halep-caroline-wozniacki-australian-open-title-final
5a8194fb0c5abf98c045c348,"How to Watch Roger Federer vs. Marin Cilic: Australian Open Final TV, Time, Live Stream",https://www.si.com/tennis/2018/01/27/roger-federer-marin-cilic-australian-open-final-live-stream-watch-online-start-time
5a8195740c5abf98c045cab4,"'The Fairytale Continues' for Roger Federer After Sixth Australian Open, 20th Grand Slam Title",https://www.si.com/tennis/2018/01/28/roger-federer-beats-marin-cilic-sixth-australian-open-20th-grand-slam-title
5a8195740c5abf98c045cad1,Simona Halep Admitted to Hospital for Dehydration After Australian Open Final,https://www.si.com/tennis/2018/01/28/simona-halep-admitted-hospital-after-australian-open-final-dehydration
5a8195740c5abf98c045caf0,Tennis World Congratulates Caroline Wozniacki on Australian Open 2018 Title,https://www.si.com/tennis/2018/01/27/caroline-wozniacki-simona-halep-australian-open-2018-title-tennis-world-reactions
5a8196660c5abf98c045d9cc,PR stunts of F1 and gambling industry are hardly sharp end of feminism | Marina Hyde,https://www.theguardian.com/sport/blog/2018/feb/07/formula-one-gambling-feminism-pr-stunts
5a8196660c5abf98c045d9fa,Roberta Cowell’s life shows speed demons can be any shape | Barney Ronay,https://www.theguardian.com/sport/2018/feb/09/roberta-cowell-life-motosport-speed-demons
5a8196660c5abf98c045da0a,McLaren would welcome back Lewis Hamilton if Mercedes deal ends,https://www.theguardian.com/sport/2018/feb/08/lewis-hamilton-mclaren-zak-brown-mercedes
5a8197cd0c5abf98c045f00b,Politics Are Center Stage at a South Korean Winter Olympics,https://www.newyorker.com/news/sporting-scene/politics-are-center-stage-at-a-south-korean-olympics
5a8197cd0c5abf98c045f039,"The Eagles Parade Was Beautiful, Melancholy, Profane, and Utterly Philly",https://www.newyorker.com/news/sporting-scene/the-eagles-parade-was-beautiful-melancholy-profane-and-utterly-philly
5a8197cd0c5abf98c045f045,"Giannis, Porziņģis, and Two Dunks at the Garden",https://www.newyorker.com/news/sporting-scene/giannis-porzingis-and-two-dunks-at-the-garden
5a8197cd0c5abf98c045f055,"As the World Melts, an Artist Finds Beauty in Ancient Ice",https://www.newyorker.com/tech/elements/as-the-world-melts-an-artist-finds-beauty-in-ancient-ice
5a8197cd0c5abf98c045f056,The Mesmerizing Spectacle of North Korea’s “Army of Beauties” at the Winter Olympics,https://www.newyorker.com/news/sporting-scene/the-mesmerizing-spectacle-of-north-koreas-army-of-beauties
5a82efde0c5abf98c050a60d,New Study Shows Bay Area Residents Increasingly Distrust Tech Companies,https://www.wired.com/story/trust-in-tech-declines-bay-area
5a82efde0c5abf98c050a618,"Everyone Hates Silicon Valley, Except Its Imitators",https://www.wired.com/story/everyone-hates-silicon-valley-except-its-imitators
5a82f2ad0c5abf98c050b0bb,Nietzsche on Depression and the Rehabilitation of Hope,http://feedproxy.google.com/~r/brainpickings/rss/~3/q_T6f_7ak2U/
5a82f3260c5abf98c050b277,"The Promise of Indoor, Hurricane-Proof ‘Vertical’ Farms",https://www.theatlantic.com/business/archive/2018/02/vertical-farming-houston/552665/?utm_source=feed
5a82f4130c5abf98c050b663,Tech Utopianism And Our Walled Gardens: Is It Time For A Jailbreak?,https://www.npr.org/sections/therecord/2018/02/12/585110447/tech-utopianism-and-our-walled-gardens-is-it-time-for-a-jailbreak?utm_medium=RSS&utm_campaign=therecord
5a82f4130c5abf98c050b67b,"Vic Damone, Golden Age Crooner, Dead At 89",https://www.npr.org/sections/therecord/2018/02/12/585141338/vic-damone-golden-age-crooner-dead-at-89?utm_medium=RSS&utm_campaign=therecord
5a82f48e0c5abf98c050b873,"A Joyous, Mysterious Portrait of Rural American Boyhood",https://www.newyorker.com/culture/photo-booth/a-joyous-mysterious-portrait-of-rural-american-boyhood
5a82f57c0c5abf98c050bb5a,The Olympics’ Never-Ending Struggle to Keep Track of Time,https://www.newyorker.com/tech/elements/the-olympics-never-ending-struggle-to-keep-track-of-time
5a82f75b0c5abf98c050c2c6,How to Get Rid of Roaches,http://www.goodhousekeeping.com/home/a47840/how-to-get-rid-of-roaches/
5a82f75b0c5abf98c050c2ce,The Art of Receptivity: Hilton Als on Love,http://feedproxy.google.com/~r/brainpickings/rss/~3/5WpfrZWkgq4/
5a82f7d50c5abf98c050c4ab,Eugenie Bouchard and Sloane Stephens Featured in SI Swimsuit 2018,https://www.si.com/tennis/2018/02/13/eugenie-bouchard-sloane-stephens-si-swimsuit-2018-photos
5a84415d0c5abf98c054696b,Facebook Funded Most of the Experts Who Vetted Messenger Kids,https://www.wired.com/story/facebook-funds-its-favorite-experts-but-skirts-tough-critics
5a8443b50c5abf98c054736b,Mercedes-Benz Apologizes To China For Quoting Dalai Lama In Instagram Post,https://www.huffingtonpost.com/entry/mercedes-benz-apologizes-to-china-for-quoting-dalai-lama-in-instagram-post_us_5a79c28ce4b00f94fe9582e2
5a8443b50c5abf98c0547374,Watch As A Drone Saves Two Teen Swimmers From Heavy Surf In Australia,https://www.huffingtonpost.com/entry/watch-as-a-drone-saves-two-teen-swimmers-from-heavy-surf_us_5a60be9ee4b062a7df0ba47b
5a8443b50c5abf98c0547376,20 Photos Of At-Home Proposals That Are Magical In The Most Low-Key Way,https://www.huffingtonpost.com/entry/home-proposals-are-low-key-romantic_us_5a789f0ae4b01fe513a62496
5a8443b50c5abf98c054737c,Danish Government Proposes Ban On Full-Face Veils,https://www.huffingtonpost.com/entry/denmark-full-face-veil-ban_us_5a7b778ae4b0c6726e0f0ba6
5a8443b50c5abf98c0547380,Breitbart Deletes Anti-Muslim Super Bowl Tweet For Not Meeting 'Editorial Standards',https://www.huffingtonpost.com/entry/breitbart-anti-muslim-tweet_us_5a78b426e4b0164659c70e15
5a8443b50c5abf98c054738d,'Trap Adventure 2' Might Be The Most Infuriatingly Difficult Game Ever,https://www.huffingtonpost.com/entry/trap-adventure-2_us_5a6a106be4b06e2532658364
5a8443b50c5abf98c0547393,"California Bakery Can Refuse To Make Cakes For Same-Sex Weddings, Judge Rules",https://www.huffingtonpost.com/entry/california-tastries-bakery-ruling_us_5a7a228be4b0d0ef3c0a4429
5a8443b50c5abf98c054739a,Facebook Pledges To Add More Local News To Newsfeeds,https://www.huffingtonpost.com/entry/facebook-local-news-newsfeed_us_5a6f9763e4b0a52682feb6c8
5a8443b50c5abf98c05473a0,Why The GOP Has Followed Trump Off The Deep End,https://www.huffingtonpost.com/entry/opinion-patterson-republicans-trump_us_5a72235fe4b03699143ef141
5a8443b50c5abf98c05473a2,ATM Makers Issue Warning About Cyber Criminals Targeting Cash Machines,https://www.huffingtonpost.com/entry/atm-jackpotting_us_5a6ee5f8e4b01fbbefb370f4
5a8443b50c5abf98c05473a9,Evangelical Leaders Join Forces To Urge Protection For Dreamers And Refugees,https://www.huffingtonpost.com/entry/evangelical-leaders-dreamers-refugees_us_5a7b1234e4b06505b4ea1db7
5a8443b50c5abf98c05473db,"Elon Musk Says He's Sold 10,000 Flamethrowers Through His Boring Co. Website",https://www.huffingtonpost.com/entry/elon-musk-flamethrower-boring-company_us_5a6fc298e4b0a52682fedb84
5a8443b50c5abf98c05473f4,Facebook Reportedly Beta-Testing 'Downvote' Button,https://www.huffingtonpost.com/entry/facebook-downvote-button_us_5a7cdd64e4b044b3821b7fe4
5a84442d0c5abf98c05475a0,"As Peru Heads to the 2018 World Cup, Its Star Striker Has Three Inca Mummies to Thank",https://www.newyorker.com/tech/elements/peru-2018-world-cup-star-striker-three-inca-mummies
5a84451b0c5abf98c05479e6,"Tom Rapp, '60s Folk Experimentalist And Civil Rights Attorney, Dead At 70",https://www.npr.org/sections/therecord/2018/02/13/585407666/tom-rapp-60s-folk-experimentalist-and-civil-rights-attorney-dead-at-70?utm_medium=RSS&utm_campaign=therecord
5a8445940c5abf98c0547bda,22 Cleaning Problems You Can Solve With Baking Soda,http://www.goodhousekeeping.com/home/cleaning/tips/a25577/baking-soda-cleaning-uses/
5a8447750c5abf98c054840b,The Mystery of Amy Sherald’s Portrait of Michelle Obama,https://www.newyorker.com/culture/annals-of-appearances/the-mystery-of-amy-sheralds-portrait-of-michelle-obama
5a8448dc0c5abf98c0548a0e,"Fossil shares soar on earnings beat, as watchmaker sees stronger demand for wearables",https://www.cnbc.com/2018/02/14/fossil-shares-soar-80-percent-on-stronger-demand-for-wearables.html
5a844a440c5abf98c0549013,Racist Bullying? Religious School In Texas Argues Courts Can't Intervene.,https://www.huffingtonpost.com/entry/texas-religious-school-racist-bullying_us_5a7391aae4b01ce33eb12c6c
5a844a440c5abf98c0549016,French Bishop Declares Nun's Recovery A Lourdes Miracle,https://www.huffingtonpost.com/entry/french-nun-lourdes-miracle_us_5a81b39ae4b044b3821fab9d
5a844a440c5abf98c054901f,The Super-Bowl-Watching Nuns Are Still The Best Part Of This Game,https://www.huffingtonpost.com/entry/super-bowl-watching-nuns_us_5a776713e4b06ee97af3dacc
5a844a440c5abf98c0549020,Kensington Palace Shares All The Royal Wedding Date Details You Need To Know,https://www.huffingtonpost.com/entry/what-time-is-the-royal-wedding_us_5a818d4fe4b0c6726e154e4a
5a844a440c5abf98c0549032,Polish Lawmakers Approve Controversial Holocaust Bill Despite International Criticism,https://www.huffingtonpost.com/entry/polish-lawmakers-approve-controversial-holocaust-bill-despite-criticism_us_5a748f05e4b06ee97af22c71
5a844a440c5abf98c0549033,A Pediatrician Shares Life's Meaning From His Talks With Dying Kids,https://www.huffingtonpost.com/entry/pediatrician-dying-kids-meaning-of-life_us_5a74d43ae4b0905433b41616
5a844a440c5abf98c0549036,Catholic School Grads Rally For Student In Trouble Over Planned Parenthood Sticker,https://www.huffingtonpost.com/entry/sacred-heart-greenwich-planned-parenthood_us_5a81ee19e4b0580d3d6d5a20
5a844a440c5abf98c0549038,Activist Wants To Stop Muslims From Participating In Minnesota's GOP,https://www.huffingtonpost.com/entry/minnesota-gop-muslims_us_5a81d2e8e4b08dfc9306adf8
5a844a440c5abf98c054903a,First Woman To Accuse Nassar Says Church Can Be One Of 'Worst Places' To Go For Help,https://www.huffingtonpost.com/entry/rachael-denhollander-the-church-isnt-safe-for-sexual-abuse-victims_us_5a73264ce4b06fa61b4e1574
5a844a440c5abf98c054903f,The Christian Who Cried Abortion,https://www.huffingtonpost.com/entry/opinion-miller-single-issue-abortion_us_5a7fb37be4b044b3821e19e2
5a844a440c5abf98c0549059,"Michele Bachmann: God Didn't Call Me, So I'm Not Running For Senate",https://www.huffingtonpost.com/entry/michele-bachmann-senate-run-god_us_5a78d0dde4b00f94fe94152b
5a844a440c5abf98c054907e,Transgender Pastor Is Welcomed Into Church With A New Name,https://www.huffingtonpost.com/entry/transgender-pastor-peter-beeson_us_5a833097e4b02b66c5129ebf
5a844a440c5abf98c05490b2,Minnesota Republicans Under Fire For Saying Muslims Are Infiltrating The Party,https://www.huffingtonpost.com/entry/minnesota-republicans-muslims-caucuses_us_5a7217b9e4b05253b2752e90
5a844abe0c5abf98c05491bf,Montana Becomes First State To Set Its Own Net Neutrality Rules,https://www.huffingtonpost.com/entry/montana-setsown-net-neutrality-rules_us_5a66cdede4b0e5630072de40
5a844abe0c5abf98c05491c1,Man Who Drove Van Into London Mosque Worshippers Jailed For 43 Years,https://www.huffingtonpost.com/entry/man-who-drove-van-into-london-mosque-worshippers-jailed-for-43-years_us_5a748527e4b0905433b3a779
5a844abe0c5abf98c05491c7,Letter To Pope Ties Bishop To Sex Abuse That Francis Denied Knowing About,https://www.huffingtonpost.com/entry/letter-pope-francis-sexual-abuse_us_5a794132e4b00f94fe9457a0
5a844abe0c5abf98c05491d0,A Boston Dynamics Robot Has Figured Out Door Levers. Sleep Tight!,https://www.huffingtonpost.com/entry/boston-dynamics-robot-opens-doors_us_5a830328e4b0892a0353768d
5a844abe0c5abf98c05491dd,Google Kicks Off Winter Olympics With Vibrant 'Snow Games' Doodle,https://www.huffingtonpost.com/entry/google-doodle-winter-olympics-pyeongchang-2018_us_5a7d6c33e4b08dfc9302b643
5a844abe0c5abf98c05491e4,Winter Olympics Organizers Probe Possible Cyberattack On Opening Ceremony Day,https://www.huffingtonpost.com/entry/pyeongchang-olympics-cyberattack-possible_us_5a7eb0d1e4b044b3821d9b6b
5a844abe0c5abf98c05491cf,Instagram May Start Ratting On You If You Screenshot Someone's Story,https://www.huffingtonpost.com/entry/instagram-screenshot-notification_us_5a81d9aae4b08dfc9306b717
5a8592db0c5abf98c05e474a,Mystro Lets Drivers Juggle Competing Uber and Lyft Rides,https://www.wired.com/story/this-app-lets-drivers-juggle-competing-uber-and-lyft-rides
5a85969d0c5abf98c05e74a5,"Noriaki Kasai, the Japanese Ski-Jumping Legend Going for Gold at Forty-Five",https://www.newyorker.com/news/sporting-scene/noriaki-kasai-the-japanese-ski-jumping-legend-going-for-gold-at-forty-five
5a85969d0c5abf98c05e74c6,Review: The Real Problem with “Peter Rabbit”’s Allergy Scene,https://www.newyorker.com/culture/culture-desk/the-real-problem-with-peter-rabbit-s-allergy-scene
5a8597150c5abf98c05e7a6a,The Best Cleaning Products for Every Kind of Mess,http://www.goodhousekeeping.com/home/cleaning/g5115/best-cleaning-products/
5a8597910c5abf98c05e8037,Where’s Rust headed in 2018? Ask the community.,https://hacks.mozilla.org/2018/01/rust-community-roadmap-2018/
5a8597910c5abf98c05e8069,Oxidizing Source Maps with Rust and WebAssembly,https://hacks.mozilla.org/2018/01/oxidizing-source-maps-with-rust-and-webassembly/
5a8598f40c5abf98c05e9117,Paying it forward at Global Diversity CFP Day,https://hacks.mozilla.org/2018/01/paying-it-forward-at-global-diversity-cfp-day/
5a8598f40c5abf98c05e913e,How to build your own private smart home with a Raspberry Pi and Mozilla’s Things Gateway,https://hacks.mozilla.org/2018/02/how-to-build-your-own-private-smart-home-with-a-raspberry-pi-and-mozillas-things-gateway/
5a8598f40c5abf98c05e9140,Lessons learned from the A-Frame category in the js13kGames competition,https://hacks.mozilla.org/2018/01/lessons-learned-from-the-a-frame-category-in-the-js13kgames-competition/
5a8598f40c5abf98c05e9143,CSS Grid for UI Layouts,https://hacks.mozilla.org/2018/02/css-grid-for-ui-layouts/
5a8598f40c5abf98c05e9144,A rule-based framework to create dynamic themes,https://hacks.mozilla.org/2018/01/a-rule-based-framework-to-create-dynamic-themes/
5a8598f40c5abf98c05e9145,Shrinking WebAssembly and JavaScript code sizes in Emscripten,https://hacks.mozilla.org/2018/01/shrinking-webassembly-and-javascript-code-sizes-in-emscripten/
5a8598f40c5abf98c05e9147,MDN browser compatibility data: Taking the guesswork out of web compatibility,https://hacks.mozilla.org/2018/02/mdn-browser-compatibility-data/
5a8598f40c5abf98c05e9149,Forging Better Tools for the Web,https://hacks.mozilla.org/2018/02/forging-better-tools-for-the-web/
5a8598f40c5abf98c05e9146,Firefox 58: The Quantum Era Continues,https://hacks.mozilla.org/2018/01/firefox-58-the-quantum-era-continues/
5a8598f40c5abf98c05e914c,Making WebAssembly even faster: Firefox’s new streaming and tiering compiler,https://hacks.mozilla.org/2018/01/making-webassembly-even-faster-firefoxs-new-streaming-and-tiering-compiler/
5a85996e0c5abf98c05e96bd,Introducing the MDN Product Advisory Board: actions and impressions from our first meeting,https://hacks.mozilla.org/2018/01/introducing-the-mdn-product-advisory-board/
5a85996e0c5abf98c05e96c0,Creating an Add-on for the Project Things Gateway,https://hacks.mozilla.org/2018/02/creating-an-add-on-for-the-project-things-gateway/
5a85996e0c5abf98c05e96c1,Airbus takes $1.6 billion charge on A400M military plane,https://www.cnbc.com/2018/02/15/airbus-takes-1-point-6-billion-charge-on-a400m-military-plane.html
5a85996e0c5abf98c05e96da,Standard Life Aberdeen hit as biggest client Lloyds pulls plug on $153 billion deal,https://www.cnbc.com/2018/02/15/standard-life-aberdeen-hit-as-biggest-client-lloyds-pulls-plug.html
5a8599e80c5abf98c05e9cb7,"Mailbag: Young-Harrison Controversy, Plus Tanking, Transparency and More",https://www.si.com/tennis/2018/02/14/mailbag-donald-young-ryan-harrison-hall-of-fame-Ivanisevic
5a859a5f0c5abf98c05ea24c,"Michael Kors, Tiffany & Co. are bargain retail stocks, analyst says",https://www.cnbc.com/2018/02/14/michael-kors-tiffany-co-are-bargain-retail-stocks-analyst-says.html
5a859a5f0c5abf98c05ea251,France Returns Artwork To Descendants Of Jewish Couple Who Fled Nazis,https://www.huffingtonpost.com/entry/france-returns-artwork-to-descendants-of-jewish-couple-who-fled-nazis_us_5a84520ae4b0058d55651f93
5a859a5f0c5abf98c05ea25f,The Mormon Church Has A Domestic Violence Problem,https://www.huffingtonpost.com/entry/opinion-young-rob-porter-mormon_us_5a844a06e4b0cf06752087ae
5a859a5f0c5abf98c05ea266,"'Fresh Off The Boat' Kid Stars Talk Lunar New Year, Immigrant Roots",https://www.huffingtonpost.com/entry/fresh-off-the-boat-lunar-new-year_us_5a83272ee4b0adbaf3d7f9aa
5a859a5f0c5abf98c05ea268,Sikh Activist's Campaign A Reminder That Love Can Be A Force For Justice,https://www.huffingtonpost.com/entry/sikh-activists-campaign-is-a-reminder-that-love-can-be-a-force-for-justice_us_5a847ffce4b0058d55655e8b
5a859a5f0c5abf98c05ea269,US business inventories rise more than expected in December,https://www.cnbc.com/2018/02/14/us-business-inventories-rise-more-than-expected-in-december.html
5a859bc60c5abf98c05eb326,“America’s Harvest Box” Captures the Trumpian Attitude Toward Poverty,https://www.newyorker.com/business/currency/americas-harvest-box-captures-the-trumpian-attitude-toward-poverty
5a859cb30c5abf98c05ebe34,Why Amazon Pays Some of Its Workers to Quit,https://www.theatlantic.com/business/archive/2018/02/amazon-offer-pay-quit/553202/?utm_source=feed
5a8669140c5abf98c0676ba9,LimeBike's Expansion Shows How Bike-Share Wars Are Escalating,https://www.wired.com/story/the-bike-share-wars-heat-up-with-latest-funding
5a866eb30c5abf98c067bca8,A Placid Ecstasy: Walt Whitman’s Most Direct Reflection on Happiness,http://feedproxy.google.com/~r/brainpickings/rss/~3/LjHnPFiNA2U/
5a866eb30c5abf98c067bcb5,Hyatt Hotel Says It Will Host Anti-Muslim Hate Group’s Conference,https://www.huffingtonpost.com/entry/hyatt-hotel-anti-muslim-hate-group-act-for-america_us_5a85bb0ee4b0ab6daf46feee
5a866eb30c5abf98c067bcac,"An Openness to Life: Nobel Peace Prize Laureate Dag Hammarskjöld on Love, Failure, and What It Means to Be Yourself",http://feedproxy.google.com/~r/brainpickings/rss/~3/ijawpK_7ATo/
5a866f2b0c5abf98c067c323,The Powerful Calls to Action by the Teen-Age Survivors of the Parkland School Shooting,https://www.newyorker.com/culture/on-television/the-powerful-calls-to-action-by-the-teen-age-survivors-of-the-parkland-school-shooting
5a866f2b0c5abf98c067c341,A Flawless Performance in Pairs Figure Skating at the Winter Olympics,https://www.newyorker.com/news/sporting-scene/a-flawless-performance-in-pairs-figure-skating-at-the-winter-olympics
5a866f2b0c5abf98c067c343,A Federal Appeals Court Just Said Trump's Tweets Show He's An Anti-Muslim Bigot,https://www.huffingtonpost.com/entry/trump-anti-muslim-travel-ban_us_5a85c085e4b0774f31d3307c
5a866fa30c5abf98c067c980,"Sikh Uber Driver Claims Passenger Pulled Gun On Him, Said, 'I Hate Turban People'",https://www.huffingtonpost.com/entry/sikh-uber-driver-passenger-gunpoint_us_5a85e21ae4b004fc319027dc
5a866fa40c5abf98c067c990,Warren Miller’s Joyful Vision of Skiing,https://www.newyorker.com/news/sporting-scene/warren-millers-joyful-vision-and-skiings-one-per-cent
5a86701d0c5abf98c067d016,"Japan's cryptocurrency industry to launch self-regulating body, say sources",https://www.cnbc.com/2018/02/15/cryptocurrency-japan-industry-to-launch-self-regulating-body-sources-say.html
5a86701d0c5abf98c067d01b,January's lousy retail sales are 'Poppycock': former Hudson's Bay CEO,https://www.cnbc.com/2018/02/15/januarys-lousy-retail-sales-are-poppycock-former-hudsons-bay-ceo.html
5a8670930c5abf98c067d648,"Elon Musk and SpaceX are 'adding energy to the space market,' Boeing CEO says",https://www.cnbc.com/2018/02/15/elon-musk-and-spacex-are-adding-energy-to-the-space-market-boeing-ceo-says.html
5a8670930c5abf98c067d649,Podcast: Philadelphia Eagles Kicker and Tennis Player Jake Elliott,https://www.si.com/tennis/2018/02/15/podcast-philadelphia-eagles-kicker-tennis-player-jake-elliott-fed-cup-serena-williams
5a8670930c5abf98c067d64a,"Trump's tax cuts were a big way 'to unleash economic energy' in America, Boeing CEO says",https://www.cnbc.com/2018/02/15/boeing-ceo-trump-tax-cuts-were-a-big-way-to-unleash-economic-energy.html
5a8670930c5abf98c067d64f,"Boeing wants to produce a plane every 10 hours by 2020, CEO says",https://www.cnbc.com/2018/02/15/boeing-ceo-produce-a-plane-every-10-hours-by-2020.html
5a8670930c5abf98c067d650,"Oil and gas sector recovery 'not yet certain,' says the CEO of Singapore's oldest bank",https://www.cnbc.com/2018/02/15/ocbc-ceo-oil-and-gas-sector-recovery-not-yet-certain.html
5a8670930c5abf98c067d652,"Frack sand delays to hurt Halliburton's first-quarter earnings ",https://www.cnbc.com/2018/02/15/halliburton-says-sand-delivery-delays-to-reduce-first-quarter-earnings-per-share-by-10-cents.html
5a8670930c5abf98c067d65d,"It costs $26,000 to mine one bitcoin in South Korea — and just $530 in Venezuela",https://www.cnbc.com/2018/02/15/the-cheapest-and-most-expensive-countries-to-mine-bitcoin.html
5a8670930c5abf98c067d663,"Steve Bannon met with special counsel Mueller multiple times this week, says NBC News, citing sources",https://www.cnbc.com/2018/02/15/steve-bannon-trumps-former-chief-strategist-met-with-special-counsel-mueller-multiple-times-this-week-nbc-news-citing-source.html
5a8670930c5abf98c067d678,Create VR on the Web using Unity3D,https://hacks.mozilla.org/2018/02/create-vr-on-the-web-using-unity3d/
5a8670930c5abf98c067d67f,Boeing CEO: Aerospace now viewed as an industry with 'long-term sustained growth',https://www.cnbc.com/2018/02/15/boeing-ceo-aerospace-viewed-as-area-for-long-term-sustained-growth.html
5a86710a0c5abf98c067dca6,Google Will Block Annoying Ads In Chrome Starting Today,https://www.reviewgeek.com/2018/google-will-block-annoying-ads-in-chrome-starting-today/
5a86710a0c5abf98c067dca7,How to Build a $35 Media Center with Kodi and the Raspberry Pi,https://www.howtogeek.com/163541/build-a-35-media-center-with-raspbmc-and-raspberry-pi-redux/
5a86710a0c5abf98c067dca8,How to Set Up Whole-House Parental Controls with OpenDNS,https://www.howtogeek.com/79998/protect-your-kids-online-using-open-dns-2/
5a86710a0c5abf98c067dcae,How to Prevent Your HomePod from Creating White Rings on Your Wooden Furniture,https://www.howtogeek.com/343040/how-to-prevent-your-homepod-from-creating-white-rings-on-your-wooden-furniture/
5a86710a0c5abf98c067dcb3,How to Stop the HomePod from Reading Your Text Messages to Other People,https://www.howtogeek.com/342624/how-to-stop-the-homepod-from-reading-your-text-messages-to-other-people/
5a86710a0c5abf98c067dcba,The Best Tools to Score Awesome Deals on Steam,https://www.reviewgeek.com/1947/the-best-tools-to-score-awesome-deals-on-steam/
5a86710a0c5abf98c067dcbb,Logitech Pop Review: A Smart Switch for Your Smart Home Gadgets,https://www.reviewgeek.com/1983/logitech-pop-review-a-smart-switch-for-your-smart-home-gadgets/
5a86710a0c5abf98c067dcbc,"What Is a Phone “Port-Out” Scam, and How Can I Protect Myself?",https://www.howtogeek.com/342988/what-is-a-phone-port-out-scam-and-how-can-i-protect-myself/
5a86710a0c5abf98c067dcbd,How to Match Colors on Your Multiple Monitors,https://www.howtogeek.com/342756/how-to-match-colors-on-your-multiple-monitors/
5a86710a0c5abf98c067dcc3,How to Disable Chrome’s New Ad Blocker (On Certain Sites or All Sites),https://www.howtogeek.com/342986/how-to-disable-chromes-new-ad-blocker-on-certain-sites-or-all-sites/
5a86710a0c5abf98c067dcd1,"Geek Trivia: Before “Ghosting” Was Slang For Ignoring A Dating Partner, It Was Slang For?",https://www.howtogeek.com/trivia/before-ghosting-was-slang-for-ignoring-a-dating-partner-it-was-slang-for/
5a86710a0c5abf98c067dcd4,Boston Beer taps Peet's Coffee CEO as its new head,https://www.cnbc.com/2018/02/15/boston-beer-taps-peets-coffee-ceo-as-its-new-head.html
5a8671830c5abf98c067e322,"YouTube TV Is Getting More Channels, More Markets, More Expensive",https://www.reviewgeek.com/1990/youtube-tv-is-getting-more-channels-more-markets-more-expensive/
5a8671830c5abf98c067e326,"Hey Microsoft, Stop Installing Apps On My PC Without Asking",https://www.howtogeek.com/342871/hey-microsoft-stop-installing-apps-on-my-pc-without-asking/
5a8671830c5abf98c067e321,Aukey 10W Wireless Fast Charger Review: A Speedy and Stylish Qi Charger,https://www.reviewgeek.com/1996/aukey-10w-wireless-fast-charger-review-a-speedy-and-stylish-qi-charger-for-your-nightstand-or-office/
5a8671830c5abf98c067e325,The Smashing Pumpkins Reunion Tour Raises A Simple Question,https://www.npr.org/sections/therecord/2018/02/15/586054214/the-smashing-pumpkins-reunion-tour-raises-a-simple-question?utm_medium=RSS&utm_campaign=therecord
5a8671830c5abf98c067e334,CBS gains 2% after earnings beat,https://www.cnbc.com/2018/02/15/cbs-earnings-q4-2017.html
5a8671830c5abf98c067e34e,How to Stop Facebook from Uploading Low-Quality Photos and Videos from Your Phone,https://www.howtogeek.com/342968/how-to-stop-facebook-from-uploading-low-quality-photos-and-videos-from-your-phone/
5a86e4d40c5abf98c06bc581,"The Google Chrome Ad Blocker Has Already Changed the Web ",https://www.wired.com/story/google-chrome-ad-blocker-change-web
5a86e5c40c5abf98c06bc9ac,“Black Panther” and “Early Man” Reviews,https://www.newyorker.com/magazine/2018/02/26/black-panther-and-early-man
5a86e72d0c5abf98c06bd011,China's HNA Group trims stake in Deutsche Bank,https://www.cnbc.com/2018/02/16/chinas-hna-group-trims-stake-in-deutsche-bank.html
5a86e7a40c5abf98c06bd200,US tractor maker Deere upgrades 2018 outlook on improving equipment demand,https://www.cnbc.com/2018/02/16/us-tractor-firm-deere-reports-quarterly-sales-rose-23-percent.html
5a86e7a40c5abf98c06bd20c,What’s the Difference Between the “System32” and “SysWOW64” Folders in Windows?,https://www.howtogeek.com/326509/whats-the-difference-between-the-system32-and-syswow64-folders-in-windows/
5a86e7a40c5abf98c06bd20f,How to Move to a Dedicated Camera After Using a Smartphone Camera,https://www.howtogeek.com/343074/how-to-move-to-a-dedicated-camera-after-using-a-smartphone-camera/
5a86e7a40c5abf98c06bd210,Actress Kristen Bell shares her top business advice for young professional women,https://www.cnbc.com/2018/02/16/actress-kristen-bell-on-working-for-this-bar-saves-lives-and-key-business-advice.html
5a86e81b0c5abf98c06bd426,"Siemens CEO defends praising Trump, says there's 'nothing wrong' with US tax overhaul",https://www.cnbc.com/2018/02/16/siemens-ceo-defends-praising-trump-for-us-tax-overhaul.html
5a86e8930c5abf98c06bd66b,8 Unique Sticker Packs to Customize Your iMessage Experience,https://www.reviewgeek.com/2007/8-unique-sticker-packs-to-customize-your-imessage-experience/
5a86eb620c5abf98c06be361,Travel Tips: How to Get by in a Country Where You Don’t Know the Language,https://www.nytimes.com/2018/02/15/travel/language-tips-apps.html?partner=rss&emc=rss
5a86eb620c5abf98c06be37f,"Donald Lynden-Bell, Quasar and Black Hole Expert, Dies at 82",https://www.nytimes.com/2018/02/14/obituaries/donald-lynden-bell-quasar-and-black-hole-expert-dies-at-82.html?partner=rss&emc=rss
5a86eb620c5abf98c06be381,36 Hours: 36 Hours in Bangkok,https://www.nytimes.com/2018/02/15/travel/36-hours-what-to-do-in-bangkok.html?partner=rss&emc=rss
5a86eb620c5abf98c06be386,"Floyd Cardoz Pivots Again, for an Elusive Ingredient: Fun",https://www.nytimes.com/2018/02/15/dining/floyd-cardoz-paowalla-closing-bombay-bread-bar.html?partner=rss&emc=rss
5a86ebda0c5abf98c06be57f,"Frugal Traveler: In Chengdu, Finding Peace in Parks and Heat in Cuisine",https://www.nytimes.com/2018/02/16/travel/chengdu-china-budget-affordable-food.html?partner=rss&emc=rss
5a86ebda0c5abf98c06be580,The Pour: A Museum Bridges the Divide Between Two Bordeaux,https://www.nytimes.com/2018/02/15/dining/wine-museum-bordeaux-la-cite-du-vin.html?partner=rss&emc=rss
5a86ebda0c5abf98c06be57e,"Ukraine’s Lofty Ambitions, Fallen to Earth",https://www.nytimes.com/2018/01/01/science/ukraine-space-science.html?partner=rss&emc=rss
5a86ebda0c5abf98c06be58d,5 Places: Five Places to Go in Montmartre,https://www.nytimes.com/2018/02/15/travel/five-places-to-go-in-montmartre.html?partner=rss&emc=rss
5a86ebda0c5abf98c06be58f,International Real Estate: House Hunting in … Ireland,https://www.nytimes.com/2018/02/14/realestate/house-hunting-in-ireland.html?partner=rss&emc=rss
5a86ebda0c5abf98c06be595,The Getaway: The Great American Road Trip: Shorter and More Popular Than Ever,https://www.nytimes.com/2018/02/16/travel/road-trips-in-the-united-states.html?partner=rss&emc=rss
5a86ebda0c5abf98c06be5a7,How Reversal on Same-Sex Marriage Could Affect Bermuda Tourism,https://www.nytimes.com/2018/02/14/travel/bermuda-same-sex-marriage-reversal-cruises.html?partner=rss&emc=rss
5a86ebda0c5abf98c06be5aa,"Australia Fare: The New Sydney Hotel Updates the Australian Pub, but Still Plays the Hits",https://www.nytimes.com/2018/02/15/dining/new-sydney-hotel-review-hobart-tasmania.html?partner=rss&emc=rss
5a86ebda0c5abf98c06be5ad,"Personal Journeys: At a Yoga Retreat in India: Beach Walks, Body Treatments and Healing",https://www.nytimes.com/2018/02/16/travel/yoga-retreat-india.html?partner=rss&emc=rss
5a86ec520c5abf98c06be798,Pursuits: 6 Great Gardens to Visit in Florida,https://www.nytimes.com/2018/02/16/travel/great-gardens-florida.html?partner=rss&emc=rss
5a8835db0c5abf98c0745003,"Twilio will soon launch Flex, a dedicated contact center solution",http://feedproxy.google.com/~r/Techcrunch/~3/bDneXdQcBRo/
5a8835db0c5abf98c0745004,Telegram has raised an initial $850M for its billion-dollar ICO,http://feedproxy.google.com/~r/Techcrunch/~3/R9z0vmGglhI/
5a8835db0c5abf98c0745005,Montana-based mapping startup onXmaps raises a round of funding fit for Big Sky Country,http://feedproxy.google.com/~r/Techcrunch/~3/IwospZchz8w/
5a8835db0c5abf98c0745006,Federal judge rules that embedded tweets can represent copyright infringement,http://feedproxy.google.com/~r/Techcrunch/~3/FBizLyxlngc/
5a8835db0c5abf98c0745007,Visa confirms Coinbase wasn’t at fault for overcharging users,http://feedproxy.google.com/~r/Techcrunch/~3/tDfNkLEm-Mg/
5a8835db0c5abf98c0745009,Original Content podcast: We welcome the reign of Marvel’s ‘Black Panther’,http://feedproxy.google.com/~r/Techcrunch/~3/60Fjd-cCXmk/
5a8835db0c5abf98c074500a,National Labor Relations Board rejected Damore’s claim that Google fired him unjustly,http://feedproxy.google.com/~r/Techcrunch/~3/SXWUgQD2mX8/
5a8835db0c5abf98c074500e,Oracle grabs Zenedge as it continues to beef up its cloud security play,http://feedproxy.google.com/~r/Techcrunch/~3/bzNx60Tge9I/
5a8835db0c5abf98c0745012,Cloudflare is protecting the internet using groovy lava lamps,http://feedproxy.google.com/~r/Techcrunch/~3/7dq0oD6lZfs/
5a8835db0c5abf98c074501e,Labor Board Rules Google’s Firing of James Damore Was Legal,https://www.wired.com/story/labor-board-rules-google-firing-james-damore-was-legal
5a8835db0c5abf98c0745035,A Ruling Over Embedded Tweets Could Change Online Publishing,https://www.wired.com/story/embedded-tweets-copyright-law
5a8835db0c5abf98c0745037,Copycat: How Facebook Tried to Squash Snapchat,https://www.wired.com/story/copycat-how-facebook-tried-to-squash-snapchat
5a8836530c5abf98c07453d4,Twitter is killing its Twitter for Mac desktop client,http://feedproxy.google.com/~r/Techcrunch/~3/KaSIud-TSKo/
5a8836530c5abf98c07453d5,Facebook: Two-factor authentication spam was caused by a bug,https://www.engadget.com/2018/02/16/facebook-two-factor-authentication-spam-bug/
5a8836530c5abf98c07453d6,Atari will use cryptocurrency to bolster its online gambling business,https://www.engadget.com/2018/02/16/atari-token-cryptocurrency/
5a8836530c5abf98c07453d7,The Morning After: Weekend Edition,https://www.engadget.com/2018/02/17/the-morning-after-weekend-edition/
5a8836530c5abf98c07453da,Uber is reportedly preparing to sell its Southeast Asia business,https://www.engadget.com/2018/02/17/uber-reportedly-preparing-to-sell-its-southeast-asia-business/
5a8836530c5abf98c07453e3,People are trolling iPhone users with the ‘killer symbol’ that crashes their apps,http://feedproxy.google.com/~r/Techcrunch/~3/kmgpzP_2DTM/
5a8836530c5abf98c07453e6,Microsoft’s Cortana is finally on IFTTT,https://www.engadget.com/2018/02/16/microsoft-s-cortana-is-finally-on-ifttt/
5a8836530c5abf98c07453e7,Cyber attacks reportedly cost the US as much as $109 billion in 2016,https://www.engadget.com/2018/02/16/cyber-attacks-cost-up-to-109-billion-2016/
5a8836530c5abf98c07453e8,Essential’s Amazon-exclusive phone comes with Alexa onboard,https://www.engadget.com/2018/02/16/essential-halo-gray-amazon-exclusive-alexa/
5a8836530c5abf98c07453e9,IKEA and Teenage Engineering preview their collaboration on Instagram,https://www.engadget.com/2018/02/16/ikea-and-teenage-engineering-preview-their-collaboration-on-inst/
5a8836530c5abf98c07453ec,"LG's next flagship phone may tout an extra-bright, low-power screen",https://www.engadget.com/2018/02/16/lg-judy-smartphone-leak/
5a8836530c5abf98c07453ee,Google Pixel 2 users report warming phones and shortened battery life,https://www.engadget.com/2018/02/16/google-pixel-2-warming-shortened-battery-life/
5a8836530c5abf98c07453f8,How Mattel is using AR to let you preview Hot Wheels playsets,https://www.engadget.com/2018/02/16/mattel-hot-wheels-ar/
5a8836530c5abf98c0745402,How security became more important than convenience,https://www.engadget.com/2018/02/16/how-security-became-more-important-than-convenience/
5a8836cb0c5abf98c074579f,Airbnb and the Unintended Consequences of 'Disruption',https://www.theatlantic.com/business/archive/2018/02/airbnb-hotels-disruption/553556/?utm_source=feed
5a8836cb0c5abf98c07457b4,Twitter pulls the plug on its official Mac app,https://www.engadget.com/2018/02/16/twitter-pulls-the-plug-on-its-official-mac-app/
5a8836cb0c5abf98c07457b8,"Google Made A Small Change To Image Search, But It's A Big Deal",https://www.huffingtonpost.com/entry/google-changes-image-search_us_5a873d89e4b00bc49f43e220
5a8836cb0c5abf98c07457a9,These Religious Leaders Are Fed Up With GOP’s Thoughts And Prayers,https://www.huffingtonpost.com/entry/religious-leaders-gop-thoughts-prayers_us_5a861dcde4b004fc319078cd
5a8837510c5abf98c0745be3,Google spending $2.5 billion to expand operations across the US,https://www.engadget.com/2018/02/16/google-spending-2-5-billion-to-expand-operations-across-the-us/
5a8837510c5abf98c0745bf0,Disney Just Opened an Entire Store for Home Decor and We're Freaking Out,http://www.goodhousekeeping.com/home/news/a47928/disney-home-store/
5a8837510c5abf98c0745bf2,What to Stream This Weekend: Five Great Movies That Were Made for Television,https://www.newyorker.com/culture/likes/what-to-stream-this-weekend-movies-made-for-tv
5a8837510c5abf98c0745bf3,"Ava DuVernay, and a Reckoning at Facebook",https://www.newyorker.com/podcast/the-new-yorker-radio-hour/ava-duvernay-and-a-reckoning-at-facebook
5a8837510c5abf98c0745bfb,Winning and Luging: Illustrations of Doubles Luge at the Winter Olympics,https://www.newyorker.com/culture/culture-desk/winning-and-luging-illustrations-of-doubles-luge-at-the-winter-olympics
5a8837510c5abf98c0745c0f,The Passionate Politics of “Black Panther”,https://www.newyorker.com/culture/richard-brody/the-passionate-politics-of-black-panther
5a8837510c5abf98c0745c15,The Book That I Haven’t Started Writing Yet Will Be the Best Book Ever,https://www.newyorker.com/humor/daily-shouts/the-book-that-i-havent-started-writing-yet-will-be-the-best-book-ever
5a8837bc0c5abf98c0745f3f,"The Men’s Figure-Skating Short Program: Winnie-the-Pooh, Meryl Streep, and Olympic History",https://www.newyorker.com/news/sporting-scene/mens-figure-skating-short-program-winnie-the-pooh-meryl-streep-and-olympic-history
5a8837bc0c5abf98c0745f44,What Mueller’s Indictment Reveals About Russia’s Internet Research Agency,https://www.newyorker.com/news/news-desk/what-muellers-indictment-reveals-about-russias-internet-research-agency
5a8837bc0c5abf98c0745f3c,"With Lawsuit Against Steven Cohen’s Firm, #MeToo Comes to Wall Street",https://www.newyorker.com/news/news-desk/with-lawsuit-against-steven-cohens-firm-metoo-comes-to-wall-street
5a8837bd0c5abf98c0745f67,Mikaela Shiffrin’s Stunning Loss in the Alpine Slalom at the Winter Olympics,https://www.newyorker.com/news/sporting-scene/mikaela-shiffrins-stunning-loss-in-the-alpine-slalom-at-the-winter-olympics
5a8838410c5abf98c0746384,"Walmart rolls out new apparel brands for women, kids and plus sizes",https://www.cnbc.com/2018/02/16/walmart-rolls-out-new-apparel-brands-for-women-kids-and-plus-sizes.html
5a8838410c5abf98c0746381,Reading the Mueller Indictment: A Russian-American Fraud,https://www.newyorker.com/news/news-desk/reading-the-mueller-indictment-a-russian-american-fraud
5a8838ac0c5abf98c07466c9,Canada postpones marijuana legalization,https://www.cnbc.com/2018/02/16/canada-postpones-marijuana-legalization-again.html
5a8838ac0c5abf98c07466cb,Struggling Gibson guitar company speaks out about its finances,https://www.cnbc.com/2018/02/16/struggling-gibson-guitar-company-speaks-out-about-its-finances.html
5a8838ac0c5abf98c07466ce,Uber makes changes to boost safety in the UK as appeal to overturn London ban continues,https://www.cnbc.com/2018/02/16/uber-aims-to-boost-safety-in-the-uk-as-london-ban-appeal-continues.html
5a8838ac0c5abf98c07466cf,"US agents arrest more than 200 undocumented immigrants, target 122 businesses in California sweep",https://www.cnbc.com/2018/02/16/federal-immigration-raids-in-southern-california-target-122-businesses.html
5a8838ac0c5abf98c07466d3,"Qatar emir says Gulf blockade a ‘futile crisis,’ calls for unity in Middle East",https://www.cnbc.com/2018/02/16/qatar-emir-says-gulf-blockade-was-futile-calls-middle-east-unity.html
5a8838ac0c5abf98c07466d9,How to Bring Back the “View Image” Button In Google Image Search,https://www.howtogeek.com/343219/how-to-bring-back-the-view-image-button-in-google-image-search/
5a8838ac0c5abf98c07466dd,"Transfer gossip: Paul Pogba not wanted by Real Madrid, Liverpool in shock Tottenham raid, Arsenal identify No.1 target",https://talksport.com/football/transfer-gossip-paul-pogba-not-wanted-real-madrid-liverpool-shock-tottenham-raid-arsenal
5a8838ac0c5abf98c07466f0,Trump claims vindication in tweet following Mueller indictment of Russians: 'No collusion!',https://www.cnbc.com/2018/02/16/trump-tweets-russia-started-anti-us-campaign-long-before-he-ran-for-president.html
5a8838ac0c5abf98c07466f3,Liverpool transfer news: Jurgen Klopp ‘monitoring’ Tottenham midfielder Victor Wanyama,https://talksport.com/football/liverpool-transfer-news-jurgen-klopp-monitoring-tottenham-midfielder-victor-wanyama
5a8838ac0c5abf98c07466f5,How to Customize or Disable Siri on the HomePod,https://www.howtogeek.com/342716/how-to-customize-or-disable-siri-on-the-homepod/
5a8838ac0c5abf98c07466fa,Manchester United team news: Paul Pogba out of FA Cup clash with Huddersfield,https://talksport.com/football/manchester-united-team-news-paul-pogba-out-fa-cup-clash-huddersfield-180217272712
5a8839240c5abf98c0746a94,It’s Time to Banish Your Screens From the Bedroom,https://www.howtogeek.com/342110/its-time-to-banish-your-screens-from-the-bedroom/
5a8839240c5abf98c0746a99,"The North Face, Vans' owner wants to sell more directly to customers",https://www.cnbc.com/2018/02/16/the-north-face-vans-parent-company-is-moving-away-from-wholesale.html
5a8839240c5abf98c0746a9a,"Manchester United gossip: Paul Pogba is not a target for Real Madrid, says Guillem Balague",https://talksport.com/football/manchester-united-gossip-paul-pogba-not-target-real-madrid-says-guillem-balague
5a8839240c5abf98c0746a9c,"Chelsea FC news: Michy Batshuayi hits back over Blues treatment and says he ‘feels trusted’ by Borussia Dortmund ",https://talksport.com/football/chelsea-fc-news-michy-batshuayi-hits-back-over-blues-treatment-and-says-he-feels-trusted
5a8839240c5abf98c0746aa2,You Can Already Buy HomePod Coasters (Or Just Use Your Own),https://www.reviewgeek.com/2040/you-can-already-buy-homepod-coasters-or-just-use-your-own/
5a8839240c5abf98c0746aa4,How to Set Your PC Games’ Graphics Settings with No Effort,https://www.howtogeek.com/244335/how-to-set-your-pc-games-graphics-settings-with-no-effort/
5a88399b0c5abf98c0746e70,Geek Trivia: The Original Loopholes Weren’t Grey Areas In Laws Or Regulations But?,https://www.howtogeek.com/trivia/the-original-loopholes-werent-grey-areas-in-laws-or-regulations-but/
5a88399b0c5abf98c0746e74,How to Use and Customize the Windows 10 Action Center,https://www.howtogeek.com/225345/how-to-configure-the-windows-10-action-panel-with-your-own-customized-buttons/
5a88399b0c5abf98c0746e87,Is Now a Good Time to Buy an AMD CPU or Motherboard?,https://www.howtogeek.com/308890/is-now-a-good-time-to-buy-an-amd-cpu-or-motherboard/
5a883ce30c5abf98c07488f0,"Check In: At an Amsterdam Hotel, Canals and Character",https://www.nytimes.com/2018/02/17/travel/pulitzer-amsterdam-hotel-review.html?partner=rss&emc=rss
5a883ce30c5abf98c07488f4,A Good Appetite: A Complex Red Bean Stew From Georgia,https://www.nytimes.com/2018/02/16/dining/bean-stew-recipe-lobio-georgia.html?partner=rss&emc=rss
5a8946390c5abf98c07c8460,"Dazzling Men’s Figure Skating at the Winter Olympics by Hanyu, Rippon, and Chen",https://www.newyorker.com/news/sporting-scene/a-dazzling-night-of-mens-figure-skating-at-the-winter-olympics-adam-rippon-yuzuru-hanyu
5a8946b60c5abf98c07c889c,Werner Heisenberg Falls in Love: The Love Letters of the Nobel-Winning Pioneer of Quantum Mechanics and Originator of the Uncertainty Principle,http://feedproxy.google.com/~r/brainpickings/rss/~3/tqKJtHOHl9A/
5a89657e0c5abf98c07d7cde,"Engineering against all odds, or how NYC’s subway will get wireless in the tunnels",http://feedproxy.google.com/~r/Techcrunch/~3/QonekBPzfC8/
5a89658c0c5abf98c07d7d5c,Digital nomads are hiring and firing their governments,http://feedproxy.google.com/~r/Techcrunch/~3/-CD46biIglc/
5a89659a0c5abf98c07d7dd5,Sqreen wants to become the IFTTT of web app security,http://feedproxy.google.com/~r/Techcrunch/~3/iFErp-mZF78/
5a8965aa0c5abf98c07d7e57,A peek inside Alphabet’s investing universe,http://feedproxy.google.com/~r/Techcrunch/~3/nU-lfHmP2jE/
5a8965b90c5abf98c07d7ed3,RightEye’s portable eye-tracking test catches concussions and reading problems in five minutes,http://feedproxy.google.com/~r/Techcrunch/~3/mHQ8N7Fo-xI/
5a8965c70c5abf98c07d7f4c,Gillmor Gang: Where’s The Beef,http://feedproxy.google.com/~r/Techcrunch/~3/Vp1PlmpEn-I/
5a8965d70c5abf98c07d7fca,"Uber, Google and other tech employees form Coalition of Black Excellence",http://feedproxy.google.com/~r/Techcrunch/~3/zEFI6fCyLkI/
5a8965e50c5abf98c07d8047,How ad-free subscriptions could solve Facebook,http://feedproxy.google.com/~r/Techcrunch/~3/MVoDtCz7TrA/
5a8965f40c5abf98c07d80c5,Facebook didn’t mean to send spam texts to two-factor authentication users,http://feedproxy.google.com/~r/Techcrunch/~3/vKsOCegBi54/
5a8966cc0c5abf98c07d8827,What Trump Still Gets Wrong About How Russia Played Facebook,https://www.wired.com/story/what-trump-still-gets-wrong-about-how-russia-played-facebook
5a8967050c5abf98c07d8a04,"Instagram, After Spreading Russian Election Propaganda, Censors Evidence of Kremlin Corruption",http://fortune.com/2018/02/17/instagram-censors-alexei-navalny/
5a8967050c5abf98c07d8a07,We May Finally Be Turning the Corner on the Flu Epidemic,http://fortune.com/2018/02/17/flu-2018-outbreak-news/
5a8967050c5abf98c07d8a08,"This Is Warren Buffett’s Top Equity Holding, Surpassing Wells Fargo",http://fortune.com/2018/02/17/warren-buffetts-apple/
5a8967050c5abf98c07d8a11,"How Russians Used Social Media to Boost the Trump Campaign, According to Robert Mueller’s Indictment",http://fortune.com/2018/02/17/how-russians-used-social-media-election/
5a8967050c5abf98c07d8a2e,"Russians Staged Rallies For and Against Trump to Promote Discord, Indictment Says",http://fortune.com/2018/02/17/russian-organized-rallies-election-meddling/
5a8967050c5abf98c07d8a31,Can Machines Save Us From the the Machines?,http://fortune.com/2018/02/17/can-machines-save-us-from-the-the-machines/
5a8967060c5abf98c07d8a38,Facebook and Twitter Are Ill-Equipped to Stop Repeat of 2016 Meddling,http://fortune.com/2018/02/17/facebook-twitter-russia-meddling/
5a8967060c5abf98c07d8a39,Mueller Deflates President Trump’s Claim That Russia Meddling Was Hoax,http://fortune.com/2018/02/17/robert-mueller-donald-trump-russia-meddling-hoax/
5a8967060c5abf98c07d8a3e,Uber Is Reportedly Planning to Sell Its Southeast Asia Branch to Competitor Grab,http://fortune.com/2018/02/17/report-selling-southeast-asia-grab/
5a8967220c5abf98c07d8b12,Visa and Worldpay Are Refunding Duplicate Coinbase Fees,http://fortune.com/2018/02/17/visa-worldpay-duplicate-coinbase-fees/
5a8967220c5abf98c07d8b14,How Top Fitness Chains Are Using Tech to Keep You Coming Back,http://fortune.com/2018/02/17/fitness-tracking-apps-equinox/
5a8967220c5abf98c07d8b16,Apple’s Mediocre HomePod Headlines Another Troubled Week,http://fortune.com/2018/02/17/apple-homepod-iphone-sales/
5a8967220c5abf98c07d8b18,Meet the Spice King of New York,http://fortune.com/2018/02/17/nyc-spice-emporium-la-boite/
5a8967220c5abf98c07d8b1a,Commentary: Trump’s Immigration Plan Took a Well-Deserved Tumble. What’s Next?,http://fortune.com/2018/02/16/senate-daca-vote-dreamers/
5a8967220c5abf98c07d8b1c,How PayPal Became the Latest Tech Company to Get Dragged Into the Russia Probe,http://fortune.com/2018/02/16/paypal-russia-robert-mueller-indictments/
5a8967220c5abf98c07d8b1e,"Russians Trolls Used Cryptocurrency Exchanges, DOJ Indictment Says",http://fortune.com/2018/02/16/russians-trolls-cryptocurrency-mueller/
5a8967220c5abf98c07d8b20,"Washington, D.C., Has Given the Boring Company a Permit for a Possible Hyperloop Station",http://fortune.com/2018/02/17/washington-hyperloop-station/
5a8967220c5abf98c07d8b26,Lu: How the Mighty Have Fallen,http://fortune.com/2018/02/17/lu-how-the-mighty-have-fallen/
5a8967220c5abf98c07d8b2c,This Year’s Flu Vaccine Is Only 36% Effective. Why You Should Still Get It,http://fortune.com/2018/02/16/flu-vaccine-effectiveness-2018/
5a89673f0c5abf98c07d8c24,"SpaceX 's next salvo in the space wars: Launching test satellites to bring the Web to billions ",https://www.cnbc.com/2018/02/17/spacex-testing-its-own-satellite-broadband-internet-network.html
5a8967400c5abf98c07d8c2c,Alaska Airlines Is Offering Passengers Free Wine For National Drink Wine Day,http://fortune.com/2018/02/16/alaska-airlines-free-wine/
5a89679e0c5abf98c07d8f63,Website follows journey of Elon Musk's Tesla Roadster through space,https://www.engadget.com/2018/02/18/website-tracks-elon-musk-tesla-roadster-in-space/
5a89679e0c5abf98c07d8f65,PowerUp releases its phone-controlled paper airplane,https://www.engadget.com/2018/02/17/powerup-releases-phone-controlled-paper-airplane/
5a89679e0c5abf98c07d8f68,Facebook will send postcards to verify US election ad buyers,https://www.engadget.com/2018/02/17/facebook-will-send-postcards-to-verify-us-election-ad-buyers/
5a89679e0c5abf98c07d8f69,Ancient city's LiDAR scans reveal as many buildings as Manhattan,https://www.engadget.com/2018/02/17/purepecha-mexico-ancient-city-lidar/
5a89679e0c5abf98c07d8f6f,Google app beta adds built-in screenshot-editing tools,https://www.engadget.com/2018/02/17/google-app-beta-screenshot-editing-tools/
5a89679e0c5abf98c07d8f71,Labor board says Google legally fired diversity memo writer,https://www.engadget.com/2018/02/17/labor-board-says-google-was-allowed-to-fire-james-damore/
5a89679e0c5abf98c07d8f73,Rocket League Rivals brings absurd car-based soccer to the real world,https://www.engadget.com/2018/02/17/hot-wheels-rocket-league-rivals-hands-on/
5a89679e0c5abf98c07d8f75,Twitter’s fake news problem is getting worse,https://www.engadget.com/2018/02/17/twitter-s-fake-news-problem-is-getting-worse/
5a89679e0c5abf98c07d8f7a,Joel McHale's weekly Netflix show premieres this weekend,https://www.engadget.com/2018/02/17/joel-mchale-netflix-show-premiere/
5a8967ba0c5abf98c07d9073,Pros and cons: Our quick verdict on DJI's Mavic Air,https://www.engadget.com/2018/02/17/djis-mavic-air-pros-and-cons/
5a8967bb0c5abf98c07d9084,littleBits launches more accessible $40 'Hall of Fame' kits,https://www.engadget.com/2018/02/17/littlebits-hall-of-fame-kits/
5a8968140c5abf98c07d939a,Brighton 3-1 Coventry City: Record-signing Jurgen Locadia scores on debut to send Seagulls to FA Cup quarter-finals,https://talksport.com/football/brighton-3-1-coventry-city-record-signing-jurgen-locadia-scores-debut-send-seagulls-fa-cup
5a8968150c5abf98c07d93a0,Arsenal transfer report: Gunners join Premier League rivals in race for £50m-rated German ace Timo Werner,https://talksport.com/football/arsenal-transfer-report-gunners-join-premier-league-rivals-race-ps50m-rated-german-ace-timo
5a8968150c5abf98c07d93a5,Manchester City news: You may not believe this stunning Sergio Aguero stat,https://talksport.com/football/manchester-city-news-you-may-not-believe-stunning-sergio-aguero-stat-180217272750
5a8968150c5abf98c07d93a7,Transfer report: Arsenal make Lyon star Nabil Fekir their number one summer target,https://talksport.com/football/transfer-report-arsenal-make-lyon-star-nabil-fekir-their-number-one-summer-target
5a8968150c5abf98c07d93ac,West Brom 1-2 Southampton: Taxi for the Baggies as they are dumped out of FA Cup,https://talksport.com/football/west-brom-1-2-southampton-taxi-baggies-they-are-dumped-out-fa-cup-180217272743
5a8968330c5abf98c07d94a7,The Americans Who Confessed Their Pain to Javier Bardem,https://www.newyorker.com/culture/photo-booth/the-americans-who-confessed-their-pain-to-javier-bardem
5a8968330c5abf98c07d94ae,Popcorn and Time to Spare at New York Fashion Week 2018,https://www.newyorker.com/culture/on-and-off-the-avenue/popcorn-and-time-to-spare-at-new-york-fashion-week-2018
5a89686c0c5abf98c07d969d,"Calling B.S. in Parkland, Florida",https://www.newyorker.com/news/news-desk/three-days-in-parkland-florida
5a89686c0c5abf98c07d969f,The Racists Trying to Exploit the Parkland Shooting,https://www.newyorker.com/news/news-desk/the-racists-trying-to-exploit-the-parkland-shooting
5a89686c0c5abf98c07d96a8,"The Senate Fails to Act on DACA, and the Immigration Debate Moves to the Right",https://www.newyorker.com/news/news-desk/the-senate-fails-to-act-on-daca-and-the-immigration-debate-moves-to-the-right
5a896a100c5abf98c07da596,"NASA Budgets for a Trip to the Moon, but Not While Trump Is President",https://www.nytimes.com/2018/02/11/science/nasa-budget-moon.html?partner=rss&emc=rss
5a896a110c5abf98c07da5a1,"Falcon Heavy, in a Roar of Thunder, Carries SpaceX’s Ambition Into Orbit",https://www.nytimes.com/2018/02/06/science/falcon-heavy-spacex-launch.html?partner=rss&emc=rss
5a896a310c5abf98c07da6d5,Trilobites: A Suitcase-Size Satellite’s Big Image of Frozen Earth Below,https://www.nytimes.com/2018/01/27/science/iceye-satellite-images.html?partner=rss&emc=rss
5a896a310c5abf98c07da6e2,The Google Lunar X Prize’s Race to the Moon Is Over. Nobody Won.,https://www.nytimes.com/2018/01/23/science/google-lunar-x-prize-moon.html?partner=rss&emc=rss
5a896a320c5abf98c07da6eb,SpaceX’s Secret Satellite Mission May Have Failed. What Happened?,https://www.nytimes.com/2018/01/09/science/spacex-zuma-satellite.html?partner=rss&emc=rss
5a896ac40c5abf98c07dac33,"Geek Trivia: In The Medieval Era, All Beers Had A Strong Taste Of?",https://www.howtogeek.com/trivia/in-the-medieval-era-all-beers-had-a-strong-taste-of/
5a896b080c5abf98c07daebe,Sugar release and growth of biofuel crops are improved by downregulation of pectin biosynthesis,https://www.nature.com/articles/nbt.4067
5a896b240c5abf98c07dafa2,Putting a number on neoepitope quality,https://www.nature.com/articles/nbt.4074
5a896b250c5abf98c07dafcf,An alternative proposal to the destruction of abandoned human embryos,https://www.nature.com/articles/nbt.4070
5a896b250c5abf98c07dafd2,Corrigendum: Minimum information about a single amplified genome (MISAG) and a metagenome-assembled genome (MIMAG) of bacteria and archaea,https://www.nature.com/articles/nbt0218-196a
5a896b250c5abf98c07dafd4,Bites: A New Orleans Restaurant Offers Creativity Between Bread Slices,https://www.nytimes.com/2018/02/03/travel/turkey-and-wolf-new-orleans-restaurant-review.html?partner=rss&emc=rss
5a896b250c5abf98c07dafd7,A DNA nanorobot functions as a cancer therapeutic in response to a molecular trigger <i>in vivo</i>,https://www.nature.com/articles/nbt.4071
5a896b3f0c5abf98c07db0b8,The 52 Places Traveler: Starting an Intimidating World Tour in the Big Easy,https://www.nytimes.com/2018/02/12/travel/new-orleans-52-places-traveler.html?partner=rss&emc=rss
5a896b3f0c5abf98c07db0bd,Chasing the Deal: 10 Affordable European Getaways to Take This Spring,https://www.nytimes.com/2018/02/14/travel/affordable-budget-europe-getaways-spring.html?partner=rss&emc=rss
5a896b400c5abf98c07db0c9,"Explorer: At New Zealand Trail Huts, Shelter, Conversation and Community",https://www.nytimes.com/2018/02/14/travel/new-zealand-trail-huts.html?partner=rss&emc=rss
5a896b5b0c5abf98c07db1a9,Restaurant Review: A Chinatown Noodle Dynasty Returns in Style,https://www.nytimes.com/2018/02/13/dining/hwa-yuan-szechuan-review-chinese-food.html?partner=rss&emc=rss
5a896b5c0c5abf98c07db1ce,Carry-On: What Joel Embiid Can’t Travel Without,https://www.nytimes.com/2018/02/13/travel/joel-embiid-basketball-video-games-shoes.html?partner=rss&emc=rss
5a896b5c0c5abf98c07db1d0,A Bomb From World War II Shuts Down a London Airport,https://www.nytimes.com/2018/02/12/world/europe/london-city-airport-world-war-ii-bomb.html?partner=rss&emc=rss
5a896b5c0c5abf98c07db1d2,The Getaway: New Google Tips and Tools for Travelers,https://www.nytimes.com/2018/02/13/travel/new-google-tips-and-tools-for-travelers.html?partner=rss&emc=rss
5a896b5c0c5abf98c07db1df,"Itineraries: A New Shuttle Service, Minus the 1980s Frills",https://www.nytimes.com/2018/02/12/business/american-airlines-shuttle-chicago.html?partner=rss&emc=rss
